Seen Date,Relative Date,ManifestID,,ManifestURL
30 March 2026 – 23:05:36 UTC,7 days ago,5037299340901764828,,https://steamdb.info/depot/471711/history/?changeid=M:5037299340901764828
11 March 2026 – 15:22:28 UTC,26 days ago,661297060255129083,,https://steamdb.info/depot/471711/history/?changeid=M:661297060255129083
10 February 2026 – 03:54:21 UTC,2 months ago,8084364846408833108,,https://steamdb.info/depot/471711/history/?changeid=M:8084364846408833108
22 January 2026 – 03:57:11 UTC,3 months ago,4481515854550855182,,https://steamdb.info/depot/471711/history/?changeid=M:4481515854550855182
9 January 2026 – 18:28:37 UTC,3 months ago,4119355694530669499,,https://steamdb.info/depot/471711/history/?changeid=M:4119355694530669499
6 January 2026 – 03:53:34 UTC,3 months ago,8170740399094045439,,https://steamdb.info/depot/471711/history/?changeid=M:8170740399094045439
8 December 2025 – 04:00:30 UTC,4 months ago,4087482288272916117,,https://steamdb.info/depot/471711/history/?changeid=M:4087482288272916117
3 December 2025 – 00:54:36 UTC,4 months ago,1575219647815408492,,https://steamdb.info/depot/471711/history/?changeid=M:1575219647815408492
2 December 2025 – 03:58:18 UTC,4 months ago,4180503790721825891,,https://steamdb.info/depot/471711/history/?changeid=M:4180503790721825891
10 November 2025 – 04:35:41 UTC,5 months ago,3646542717021497857,,https://steamdb.info/depot/471711/history/?changeid=M:3646542717021497857
27 October 2025 – 15:10:58 UTC,6 months ago,337786162060137721,,https://steamdb.info/depot/471711/history/?changeid=M:337786162060137721
22 October 2025 – 03:00:51 UTC,6 months ago,7169438661392841727,,https://steamdb.info/depot/471711/history/?changeid=M:7169438661392841727
17 October 2025 – 02:57:02 UTC,6 months ago,5388506239382367453,,https://steamdb.info/depot/471711/history/?changeid=M:5388506239382367453
15 October 2025 – 02:58:50 UTC,6 months ago,8319517313915785243,,https://steamdb.info/depot/471711/history/?changeid=M:8319517313915785243
8 October 2025 – 03:08:14 UTC,6 months ago,1418906901253545526,,https://steamdb.info/depot/471711/history/?changeid=M:1418906901253545526
2 October 2025 – 17:49:42 UTC,6 months ago,6772702290242464450,,https://steamdb.info/depot/471711/history/?changeid=M:6772702290242464450
23 September 2025 – 03:01:43 UTC,7 months ago,2657302048456713518,,https://steamdb.info/depot/471711/history/?changeid=M:2657302048456713518
19 August 2025 – 03:05:32 UTC,8 months ago,5466215512543998100,,https://steamdb.info/depot/471711/history/?changeid=M:5466215512543998100
12 August 2025 – 23:36:20 UTC,8 months ago,5207631570671408651,,https://steamdb.info/depot/471711/history/?changeid=M:5207631570671408651
12 August 2025 – 02:48:24 UTC,8 months ago,2184557283794062898,,https://steamdb.info/depot/471711/history/?changeid=M:2184557283794062898
5 August 2025 – 18:19:31 UTC,8 months ago,5520001881224031112,,https://steamdb.info/depot/471711/history/?changeid=M:5520001881224031112
5 August 2025 – 02:50:07 UTC,8 months ago,4076191025518986358,,https://steamdb.info/depot/471711/history/?changeid=M:4076191025518986358
29 July 2025 – 02:58:32 UTC,9 months ago,7899039937464568984,,https://steamdb.info/depot/471711/history/?changeid=M:7899039937464568984
19 July 2025 – 02:45:25 UTC,9 months ago,1151455856673601091,,https://steamdb.info/depot/471711/history/?changeid=M:1151455856673601091
15 July 2025 – 02:55:20 UTC,9 months ago,8664154683846864732,,https://steamdb.info/depot/471711/history/?changeid=M:8664154683846864732
8 July 2025 – 03:06:28 UTC,9 months ago,5784366418961596444,,https://steamdb.info/depot/471711/history/?changeid=M:5784366418961596444
1 July 2025 – 03:00:23 UTC,9 months ago,7447577248175360966,,https://steamdb.info/depot/471711/history/?changeid=M:7447577248175360966
24 June 2025 – 03:27:22 UTC,10 months ago,1659458336211614018,,https://steamdb.info/depot/471711/history/?changeid=M:1659458336211614018
17 June 2025 – 02:58:11 UTC,10 months ago,7050735886667230571,,https://steamdb.info/depot/471711/history/?changeid=M:7050735886667230571
10 June 2025 – 02:58:40 UTC,10 months ago,6443677471211267578,,https://steamdb.info/depot/471711/history/?changeid=M:6443677471211267578
4 June 2025 – 02:51:35 UTC,10 months ago,5080664627536454461,,https://steamdb.info/depot/471711/history/?changeid=M:5080664627536454461
28 May 2025 – 03:01:17 UTC,11 months ago,3016417837066142366,,https://steamdb.info/depot/471711/history/?changeid=M:3016417837066142366
20 May 2025 – 02:55:57 UTC,11 months ago,4391839698241684482,,https://steamdb.info/depot/471711/history/?changeid=M:4391839698241684482
15 May 2025 – 02:49:58 UTC,11 months ago,2723633102278705532,,https://steamdb.info/depot/471711/history/?changeid=M:2723633102278705532
7 May 2025 – 17:52:20 UTC,11 months ago,3135954666694521720,,https://steamdb.info/depot/471711/history/?changeid=M:3135954666694521720
6 May 2025 – 03:00:16 UTC,11 months ago,7642320520027040829,,https://steamdb.info/depot/471711/history/?changeid=M:7642320520027040829
29 April 2025 – 02:57:34 UTC,12 months ago,7669000341793927604,,https://steamdb.info/depot/471711/history/?changeid=M:7669000341793927604
14 April 2025 – 02:58:37 UTC,12 months ago,2641180519279006617,,https://steamdb.info/depot/471711/history/?changeid=M:2641180519279006617
9 April 2025 – 03:00:13 UTC,12 months ago,8338846524221672669,,https://steamdb.info/depot/471711/history/?changeid=M:8338846524221672669
3 April 2025 – 02:59:32 UTC,12 months ago,6031743046296505373,,https://steamdb.info/depot/471711/history/?changeid=M:6031743046296505373
25 March 2025 – 03:07:29 UTC,13 months ago,1582756493765280660,,https://steamdb.info/depot/471711/history/?changeid=M:1582756493765280660
18 March 2025 – 03:13:06 UTC,13 months ago,5097803856103801623,,https://steamdb.info/depot/471711/history/?changeid=M:5097803856103801623
11 March 2025 – 02:55:46 UTC,13 months ago,6607480439355431189,,https://steamdb.info/depot/471711/history/?changeid=M:6607480439355431189
4 March 2025 – 04:04:25 UTC,13 months ago,3489955068769125465,,https://steamdb.info/depot/471711/history/?changeid=M:3489955068769125465
27 February 2025 – 04:02:34 UTC,14 months ago,3160357489632006647,,https://steamdb.info/depot/471711/history/?changeid=M:3160357489632006647
26 February 2025 – 18:36:50 UTC,14 months ago,5919466227319473704,,https://steamdb.info/depot/471711/history/?changeid=M:5919466227319473704
19 February 2025 – 03:55:04 UTC,14 months ago,1307792423933311808,,https://steamdb.info/depot/471711/history/?changeid=M:1307792423933311808
6 February 2025 – 03:59:28 UTC,14 months ago,4975147505187516155,,https://steamdb.info/depot/471711/history/?changeid=M:4975147505187516155
4 February 2025 – 18:55:21 UTC,14 months ago,4265884563596276308,,https://steamdb.info/depot/471711/history/?changeid=M:4265884563596276308
4 February 2025 – 03:53:39 UTC,14 months ago,1377106309650123419,,https://steamdb.info/depot/471711/history/?changeid=M:1377106309650123419
28 January 2025 – 03:59:40 UTC,15 months ago,3061083278700666407,,https://steamdb.info/depot/471711/history/?changeid=M:3061083278700666407
23 January 2025 – 03:58:50 UTC,15 months ago,4718136326923827337,,https://steamdb.info/depot/471711/history/?changeid=M:4718136326923827337
15 January 2025 – 03:59:20 UTC,15 months ago,4933790116587996222,,https://steamdb.info/depot/471711/history/?changeid=M:4933790116587996222
10 December 2024 – 03:58:22 UTC,16 months ago,1648927095957784968,,https://steamdb.info/depot/471711/history/?changeid=M:1648927095957784968
23 November 2024 – 04:25:31 UTC,17 months ago,1889796903623746342,,https://steamdb.info/depot/471711/history/?changeid=M:1889796903623746342
14 November 2024 – 03:52:38 UTC,17 months ago,6822963217514328877,,https://steamdb.info/depot/471711/history/?changeid=M:6822963217514328877
29 October 2024 – 03:01:39 UTC,1.5 years ago,3055994708570194061,,https://steamdb.info/depot/471711/history/?changeid=M:3055994708570194061
18 October 2024 – 20:53:06 UTC,1.5 years ago,2403118169275361721,,https://steamdb.info/depot/471711/history/?changeid=M:2403118169275361721
8 October 2024 – 02:48:40 UTC,1.5 years ago,5251938487853430700,,https://steamdb.info/depot/471711/history/?changeid=M:5251938487853430700
1 October 2024 – 02:59:54 UTC,1.5 years ago,6807084120720358744,,https://steamdb.info/depot/471711/history/?changeid=M:6807084120720358744
24 September 2024 – 03:31:08 UTC,1.6 years ago,8540041622829693467,,https://steamdb.info/depot/471711/history/?changeid=M:8540041622829693467
17 September 2024 – 02:51:00 UTC,1.6 years ago,4327100664994006089,,https://steamdb.info/depot/471711/history/?changeid=M:4327100664994006089
11 September 2024 – 21:09:13 UTC,1.6 years ago,1881688635234658950,,https://steamdb.info/depot/471711/history/?changeid=M:1881688635234658950
9 September 2024 – 17:20:51 UTC,1.6 years ago,4046439875324949060,,https://steamdb.info/depot/471711/history/?changeid=M:4046439875324949060
5 September 2024 – 03:21:53 UTC,1.6 years ago,8465732950954643512,,https://steamdb.info/depot/471711/history/?changeid=M:8465732950954643512
20 August 2024 – 03:07:46 UTC,1.7 years ago,1664414749991987435,,https://steamdb.info/depot/471711/history/?changeid=M:1664414749991987435
9 August 2024 – 22:47:10 UTC,1.7 years ago,7267876679868989367,,https://steamdb.info/depot/471711/history/?changeid=M:7267876679868989367
6 August 2024 – 03:01:00 UTC,1.7 years ago,7266219387410144688,,https://steamdb.info/depot/471711/history/?changeid=M:7266219387410144688
30 July 2024 – 03:05:23 UTC,1.8 years ago,2083545682007689500,,https://steamdb.info/depot/471711/history/?changeid=M:2083545682007689500
23 July 2024 – 03:01:09 UTC,1.8 years ago,3479900285721261675,,https://steamdb.info/depot/471711/history/?changeid=M:3479900285721261675
15 July 2024 – 19:21:53 UTC,1.8 years ago,8488170595437314766,,https://steamdb.info/depot/471711/history/?changeid=M:8488170595437314766
11 July 2024 – 18:31:59 UTC,1.8 years ago,4669367512185110570,,https://steamdb.info/depot/471711/history/?changeid=M:4669367512185110570
9 July 2024 – 02:59:34 UTC,1.8 years ago,3363075876706160090,,https://steamdb.info/depot/471711/history/?changeid=M:3363075876706160090
2 July 2024 – 02:59:22 UTC,1.8 years ago,3373172787447430639,,https://steamdb.info/depot/471711/history/?changeid=M:3373172787447430639
26 June 2024 – 02:54:20 UTC,1.8 years ago,5652464073904128818,,https://steamdb.info/depot/471711/history/?changeid=M:5652464073904128818
18 June 2024 – 03:06:14 UTC,1.8 years ago,4693734114666223331,,https://steamdb.info/depot/471711/history/?changeid=M:4693734114666223331
12 June 2024 – 03:26:32 UTC,1.8 years ago,5490125335238810347,,https://steamdb.info/depot/471711/history/?changeid=M:5490125335238810347
4 June 2024 – 03:02:45 UTC,1.8 years ago,1137019279538594418,,https://steamdb.info/depot/471711/history/?changeid=M:1137019279538594418
30 May 2024 – 03:02:22 UTC,1.9 years ago,7655826242207283508,,https://steamdb.info/depot/471711/history/?changeid=M:7655826242207283508
14 May 2024 – 02:51:59 UTC,1.9 years ago,5851953791034525670,,https://steamdb.info/depot/471711/history/?changeid=M:5851953791034525670
7 May 2024 – 02:56:13 UTC,1.9 years ago,5362011193175207496,,https://steamdb.info/depot/471711/history/?changeid=M:5362011193175207496
1 May 2024 – 03:00:06 UTC,1.9 years ago,5435987833748758134,,https://steamdb.info/depot/471711/history/?changeid=M:5435987833748758134
23 April 2024 – 03:06:03 UTC,2 years ago,26877756150516332,,https://steamdb.info/depot/471711/history/?changeid=M:26877756150516332
16 April 2024 – 03:15:21 UTC,2 years ago,8282093336561471909,,https://steamdb.info/depot/471711/history/?changeid=M:8282093336561471909
2 April 2024 – 03:14:03 UTC,2 years ago,7422425414306310586,,https://steamdb.info/depot/471711/history/?changeid=M:7422425414306310586
26 March 2024 – 02:55:42 UTC,2.1 years ago,6037351929700171145,,https://steamdb.info/depot/471711/history/?changeid=M:6037351929700171145
19 March 2024 – 02:55:56 UTC,2.1 years ago,1458124650158979929,,https://steamdb.info/depot/471711/history/?changeid=M:1458124650158979929
12 March 2024 – 02:55:43 UTC,2.1 years ago,5074502921936812721,,https://steamdb.info/depot/471711/history/?changeid=M:5074502921936812721
5 March 2024 – 03:52:40 UTC,2.1 years ago,9065863366348518039,,https://steamdb.info/depot/471711/history/?changeid=M:9065863366348518039
29 February 2024 – 04:08:23 UTC,2.2 years ago,4661643829095287654,,https://steamdb.info/depot/471711/history/?changeid=M:4661643829095287654
23 February 2024 – 03:54:23 UTC,2.2 years ago,4136799246692151085,,https://steamdb.info/depot/471711/history/?changeid=M:4136799246692151085
14 February 2024 – 04:04:41 UTC,2.2 years ago,6056369444322966638,,https://steamdb.info/depot/471711/history/?changeid=M:6056369444322966638
6 February 2024 – 04:01:55 UTC,2.2 years ago,3580612710450248671,,https://steamdb.info/depot/471711/history/?changeid=M:3580612710450248671
22 January 2024 – 03:52:29 UTC,2.3 years ago,7538549210248930609,,https://steamdb.info/depot/471711/history/?changeid=M:7538549210248930609
17 January 2024 – 03:53:36 UTC,2.3 years ago,1615453195711060398,,https://steamdb.info/depot/471711/history/?changeid=M:1615453195711060398
11 January 2024 – 04:12:42 UTC,2.3 years ago,308727989146846911,,https://steamdb.info/depot/471711/history/?changeid=M:308727989146846911
3 January 2024 – 04:43:01 UTC,2.3 years ago,4679290839791781862,,https://steamdb.info/depot/471711/history/?changeid=M:4679290839791781862
19 December 2023 – 21:51:09 UTC,2.3 years ago,9010071090979861071,,https://steamdb.info/depot/471711/history/?changeid=M:9010071090979861071
12 December 2023 – 03:50:49 UTC,2.3 years ago,5662739698108751330,,https://steamdb.info/depot/471711/history/?changeid=M:5662739698108751330
5 December 2023 – 03:53:14 UTC,2.3 years ago,6938552653301008037,,https://steamdb.info/depot/471711/history/?changeid=M:6938552653301008037
29 November 2023 – 03:58:59 UTC,2.4 years ago,7814702273218619742,,https://steamdb.info/depot/471711/history/?changeid=M:7814702273218619742
16 November 2023 – 04:07:46 UTC,2.4 years ago,4365752376751232996,,https://steamdb.info/depot/471711/history/?changeid=M:4365752376751232996
8 November 2023 – 04:55:13 UTC,2.4 years ago,7244465739539340913,,https://steamdb.info/depot/471711/history/?changeid=M:7244465739539340913
31 October 2023 – 03:38:57 UTC,2.5 years ago,5010952225264392497,,https://steamdb.info/depot/471711/history/?changeid=M:5010952225264392497
25 October 2023 – 03:40:51 UTC,2.5 years ago,6523299621521228118,,https://steamdb.info/depot/471711/history/?changeid=M:6523299621521228118
17 October 2023 – 02:54:01 UTC,2.5 years ago,6377193315466269595,,https://steamdb.info/depot/471711/history/?changeid=M:6377193315466269595
11 October 2023 – 02:50:57 UTC,2.5 years ago,741108841480851070,,https://steamdb.info/depot/471711/history/?changeid=M:741108841480851070
3 October 2023 – 02:54:50 UTC,2.5 years ago,985321264749448722,,https://steamdb.info/depot/471711/history/?changeid=M:985321264749448722
25 September 2023 – 02:53:51 UTC,2.6 years ago,6807363228187770433,,https://steamdb.info/depot/471711/history/?changeid=M:6807363228187770433
12 September 2023 – 02:54:13 UTC,2.6 years ago,8029989743532624950,,https://steamdb.info/depot/471711/history/?changeid=M:8029989743532624950
6 September 2023 – 02:53:47 UTC,2.6 years ago,1957069142347218099,,https://steamdb.info/depot/471711/history/?changeid=M:1957069142347218099
29 August 2023 – 02:53:33 UTC,2.7 years ago,374773384974353755,,https://steamdb.info/depot/471711/history/?changeid=M:374773384974353755
16 August 2023 – 02:55:17 UTC,2.7 years ago,2764981199382899843,,https://steamdb.info/depot/471711/history/?changeid=M:2764981199382899843
11 August 2023 – 02:53:01 UTC,2.7 years ago,9133461583667187446,,https://steamdb.info/depot/471711/history/?changeid=M:9133461583667187446
1 August 2023 – 02:54:11 UTC,2.7 years ago,9217725912799522860,,https://steamdb.info/depot/471711/history/?changeid=M:9217725912799522860
25 July 2023 – 03:53:22 UTC,2.8 years ago,4793924942413513187,,https://steamdb.info/depot/471711/history/?changeid=M:4793924942413513187
4 July 2023 – 02:54:43 UTC,2.8 years ago,5880835316020350693,,https://steamdb.info/depot/471711/history/?changeid=M:5880835316020350693
21 June 2023 – 03:02:21 UTC,2.8 years ago,3332492622123310277,,https://steamdb.info/depot/471711/history/?changeid=M:3332492622123310277
8 June 2023 – 03:00:56 UTC,2.8 years ago,8537241752728172403,,https://steamdb.info/depot/471711/history/?changeid=M:8537241752728172403
1 June 2023 – 03:03:04 UTC,2.8 years ago,2899699302988044876,,https://steamdb.info/depot/471711/history/?changeid=M:2899699302988044876
25 May 2023 – 02:46:32 UTC,2.9 years ago,3871089161177763736,,https://steamdb.info/depot/471711/history/?changeid=M:3871089161177763736
24 May 2023 – 02:48:07 UTC,2.9 years ago,8404983718530149913,,https://steamdb.info/depot/471711/history/?changeid=M:8404983718530149913
23 May 2023 – 03:10:02 UTC,2.9 years ago,4740985908673535094,,https://steamdb.info/depot/471711/history/?changeid=M:4740985908673535094
16 May 2023 – 02:52:06 UTC,2.9 years ago,1393626442295079667,,https://steamdb.info/depot/471711/history/?changeid=M:1393626442295079667
9 May 2023 – 03:03:49 UTC,2.9 years ago,7937910774525923188,,https://steamdb.info/depot/471711/history/?changeid=M:7937910774525923188
4 May 2023 – 02:52:34 UTC,2.9 years ago,7964146900306639517,,https://steamdb.info/depot/471711/history/?changeid=M:7964146900306639517
28 April 2023 – 02:56:34 UTC,3 years ago,3179202846015471249,,https://steamdb.info/depot/471711/history/?changeid=M:3179202846015471249
18 April 2023 – 02:58:58 UTC,3 years ago,6426603215211043630,,https://steamdb.info/depot/471711/history/?changeid=M:6426603215211043630
12 April 2023 – 03:20:33 UTC,3 years ago,3668280474894052876,,https://steamdb.info/depot/471711/history/?changeid=M:3668280474894052876
5 April 2023 – 03:15:57 UTC,3 years ago,848843038097524282,,https://steamdb.info/depot/471711/history/?changeid=M:848843038097524282
29 March 2023 – 02:48:09 UTC,3.1 years ago,5824157029437961211,,https://steamdb.info/depot/471711/history/?changeid=M:5824157029437961211
21 March 2023 – 02:50:51 UTC,3.1 years ago,7490748483298966814,,https://steamdb.info/depot/471711/history/?changeid=M:7490748483298966814
7 March 2023 – 03:51:12 UTC,3.1 years ago,7859140924515540835,,https://steamdb.info/depot/471711/history/?changeid=M:7859140924515540835
28 February 2023 – 03:50:41 UTC,3.2 years ago,8992273859417381915,,https://steamdb.info/depot/471711/history/?changeid=M:8992273859417381915
22 February 2023 – 03:51:22 UTC,3.2 years ago,9418775692376180,,https://steamdb.info/depot/471711/history/?changeid=M:9418775692376180
15 February 2023 – 03:50:31 UTC,3.2 years ago,2052477997406779909,,https://steamdb.info/depot/471711/history/?changeid=M:2052477997406779909
8 February 2023 – 03:50:17 UTC,3.2 years ago,5765300808718942018,,https://steamdb.info/depot/471711/history/?changeid=M:5765300808718942018
31 January 2023 – 03:50:31 UTC,3.3 years ago,6555528852274245330,,https://steamdb.info/depot/471711/history/?changeid=M:6555528852274245330
25 January 2023 – 03:50:19 UTC,3.3 years ago,5270596667741297723,,https://steamdb.info/depot/471711/history/?changeid=M:5270596667741297723
4 January 2023 – 03:50:38 UTC,3.3 years ago,3469313776165566745,,https://steamdb.info/depot/471711/history/?changeid=M:3469313776165566745
15 December 2022 – 03:52:16 UTC,3.3 years ago,3370145490550225268,,https://steamdb.info/depot/471711/history/?changeid=M:3370145490550225268
12 December 2022 – 07:49:27 UTC,3.3 years ago,1763766882994984095,,https://steamdb.info/depot/471711/history/?changeid=M:1763766882994984095
7 December 2022 – 03:59:38 UTC,3.3 years ago,5117901179774428863,,https://steamdb.info/depot/471711/history/?changeid=M:5117901179774428863
29 November 2022 – 03:59:43 UTC,3.4 years ago,6687345382794859242,,https://steamdb.info/depot/471711/history/?changeid=M:6687345382794859242
15 November 2022 – 03:50:15 UTC,3.4 years ago,6876963500265329822,,https://steamdb.info/depot/471711/history/?changeid=M:6876963500265329822
4 November 2022 – 02:50:25 UTC,3.4 years ago,8840536006495440831,,https://steamdb.info/depot/471711/history/?changeid=M:8840536006495440831
21 October 2022 – 03:30:30 UTC,3.5 years ago,659948890231840019,,https://steamdb.info/depot/471711/history/?changeid=M:659948890231840019
20 October 2022 – 01:42:47 UTC,3.5 years ago,820917770793392229,,https://steamdb.info/depot/471711/history/?changeid=M:820917770793392229
18 October 2022 – 01:22:59 UTC,3.5 years ago,762517316174093406,,https://steamdb.info/depot/471711/history/?changeid=M:762517316174093406
12 October 2022 – 19:57:16 UTC,3.5 years ago,8775136119731514791,,https://steamdb.info/depot/471711/history/?changeid=M:8775136119731514791
12 October 2022 – 02:50:27 UTC,3.5 years ago,3355317463165895317,,https://steamdb.info/depot/471711/history/?changeid=M:3355317463165895317
27 September 2022 – 02:50:34 UTC,3.6 years ago,551787151803862015,,https://steamdb.info/depot/471711/history/?changeid=M:551787151803862015
16 September 2022 – 04:03:21 UTC,3.6 years ago,7157483552442540406,,https://steamdb.info/depot/471711/history/?changeid=M:7157483552442540406
26 August 2022 – 03:03:14 UTC,3.7 years ago,8345686888801411116,,https://steamdb.info/depot/471711/history/?changeid=M:8345686888801411116
16 August 2022 – 02:50:38 UTC,3.7 years ago,2800278753880416318,,https://steamdb.info/depot/471711/history/?changeid=M:2800278753880416318
8 August 2022 – 11:03:44 UTC,3.7 years ago,4153466988165490530,,https://steamdb.info/depot/471711/history/?changeid=M:4153466988165490530
19 July 2022 – 02:50:44 UTC,3.8 years ago,6169428350444980687,,https://steamdb.info/depot/471711/history/?changeid=M:6169428350444980687
15 July 2022 – 02:51:19 UTC,3.8 years ago,7162979009930249066,,https://steamdb.info/depot/471711/history/?changeid=M:7162979009930249066
7 July 2022 – 02:50:26 UTC,3.8 years ago,881604451007931132,,https://steamdb.info/depot/471711/history/?changeid=M:881604451007931132
1 July 2022 – 02:50:38 UTC,3.8 years ago,1921299718921527250,,https://steamdb.info/depot/471711/history/?changeid=M:1921299718921527250
23 June 2022 – 02:51:48 UTC,3.8 years ago,1732080516995195175,,https://steamdb.info/depot/471711/history/?changeid=M:1732080516995195175
15 June 2022 – 02:51:17 UTC,3.8 years ago,4566810486378348136,,https://steamdb.info/depot/471711/history/?changeid=M:4566810486378348136
8 June 2022 – 02:51:42 UTC,3.8 years ago,9199251899543670990,,https://steamdb.info/depot/471711/history/?changeid=M:9199251899543670990
7 June 2022 – 17:21:22 UTC,3.8 years ago,961533153813920743,,https://steamdb.info/depot/471711/history/?changeid=M:961533153813920743
1 June 2022 – 14:58:22 UTC,3.8 years ago,4854090034908693480,,https://steamdb.info/depot/471711/history/?changeid=M:4854090034908693480
1 June 2022 – 02:50:31 UTC,3.8 years ago,236902306177435419,,https://steamdb.info/depot/471711/history/?changeid=M:236902306177435419
27 May 2022 – 03:01:18 UTC,3.9 years ago,8888693203251550795,,https://steamdb.info/depot/471711/history/?changeid=M:8888693203251550795
26 May 2022 – 15:05:05 UTC,3.9 years ago,7338854173587998091,,https://steamdb.info/depot/471711/history/?changeid=M:7338854173587998091
19 May 2022 – 02:50:09 UTC,3.9 years ago,6337851004861751095,,https://steamdb.info/depot/471711/history/?changeid=M:6337851004861751095
12 May 2022 – 02:50:19 UTC,3.9 years ago,2586133705164702202,,https://steamdb.info/depot/471711/history/?changeid=M:2586133705164702202
28 April 2022 – 02:50:43 UTC,4 years ago,7515621376213891010,,https://steamdb.info/depot/471711/history/?changeid=M:7515621376213891010
21 April 2022 – 02:50:40 UTC,4 years ago,3357294209222359997,,https://steamdb.info/depot/471711/history/?changeid=M:3357294209222359997
15 April 2022 – 02:50:51 UTC,4 years ago,5074805288827523797,,https://steamdb.info/depot/471711/history/?changeid=M:5074805288827523797
8 April 2022 – 02:52:23 UTC,4 years ago,3300297416944352195,,https://steamdb.info/depot/471711/history/?changeid=M:3300297416944352195
30 March 2022 – 02:50:13 UTC,4.1 years ago,4860694567153974568,,https://steamdb.info/depot/471711/history/?changeid=M:4860694567153974568
23 March 2022 – 02:55:51 UTC,4.1 years ago,6498111350645449747,,https://steamdb.info/depot/471711/history/?changeid=M:6498111350645449747
16 March 2022 – 02:50:34 UTC,4.1 years ago,461647593765554581,,https://steamdb.info/depot/471711/history/?changeid=M:461647593765554581
9 March 2022 – 03:50:14 UTC,4.1 years ago,3630672705004706929,,https://steamdb.info/depot/471711/history/?changeid=M:3630672705004706929
2 March 2022 – 03:50:56 UTC,4.1 years ago,3923980740911990021,,https://steamdb.info/depot/471711/history/?changeid=M:3923980740911990021
25 February 2022 – 03:54:49 UTC,4.2 years ago,2800208212683326113,,https://steamdb.info/depot/471711/history/?changeid=M:2800208212683326113
16 February 2022 – 03:51:46 UTC,4.2 years ago,9037836832672645106,,https://steamdb.info/depot/471711/history/?changeid=M:9037836832672645106
9 February 2022 – 03:51:09 UTC,4.2 years ago,9019523869596621972,,https://steamdb.info/depot/471711/history/?changeid=M:9019523869596621972
2 February 2022 – 03:56:06 UTC,4.2 years ago,937523817675049833,,https://steamdb.info/depot/471711/history/?changeid=M:937523817675049833
20 January 2022 – 04:21:33 UTC,4.3 years ago,3008817658556881349,,https://steamdb.info/depot/471711/history/?changeid=M:3008817658556881349
17 December 2021 – 23:20:47 UTC,4.3 years ago,3025717471759017702,,https://steamdb.info/depot/471711/history/?changeid=M:3025717471759017702
16 December 2021 – 03:55:06 UTC,4.3 years ago,2249469937166260586,,https://steamdb.info/depot/471711/history/?changeid=M:2249469937166260586
8 December 2021 – 04:43:44 UTC,4.3 years ago,8856866088214255842,,https://steamdb.info/depot/471711/history/?changeid=M:8856866088214255842
3 December 2021 – 03:51:24 UTC,4.3 years ago,5139685477820370365,,https://steamdb.info/depot/471711/history/?changeid=M:5139685477820370365
29 November 2021 – 19:59:31 UTC,4.4 years ago,6893027030056397631,,https://steamdb.info/depot/471711/history/?changeid=M:6893027030056397631
19 November 2021 – 19:04:25 UTC,4.4 years ago,7097242090446385427,,https://steamdb.info/depot/471711/history/?changeid=M:7097242090446385427
12 November 2021 – 03:50:16 UTC,4.4 years ago,579262592839297531,,https://steamdb.info/depot/471711/history/?changeid=M:579262592839297531
28 October 2021 – 17:06:29 UTC,4.5 years ago,6847381068872640684,,https://steamdb.info/depot/471711/history/?changeid=M:6847381068872640684
26 October 2021 – 02:52:12 UTC,4.5 years ago,4476375403636749678,,https://steamdb.info/depot/471711/history/?changeid=M:4476375403636749678
13 October 2021 – 02:51:36 UTC,4.5 years ago,5393617231452897078,,https://steamdb.info/depot/471711/history/?changeid=M:5393617231452897078
6 October 2021 – 02:51:53 UTC,4.5 years ago,8551030667029251726,,https://steamdb.info/depot/471711/history/?changeid=M:8551030667029251726
29 September 2021 – 02:54:35 UTC,4.6 years ago,5515810233259164887,,https://steamdb.info/depot/471711/history/?changeid=M:5515810233259164887
22 September 2021 – 07:03:12 UTC,4.6 years ago,4495642363794043027,,https://steamdb.info/depot/471711/history/?changeid=M:4495642363794043027
15 September 2021 – 02:51:06 UTC,4.6 years ago,9096888329221432028,,https://steamdb.info/depot/471711/history/?changeid=M:9096888329221432028
8 September 2021 – 02:56:31 UTC,4.6 years ago,4927191614003655731,,https://steamdb.info/depot/471711/history/?changeid=M:4927191614003655731
1 September 2021 – 02:50:50 UTC,4.6 years ago,2282418548878685483,,https://steamdb.info/depot/471711/history/?changeid=M:2282418548878685483
25 August 2021 – 02:50:15 UTC,4.7 years ago,7611535694620830622,,https://steamdb.info/depot/471711/history/?changeid=M:7611535694620830622
19 August 2021 – 02:49:59 UTC,4.7 years ago,3734638438632437496,,https://steamdb.info/depot/471711/history/?changeid=M:3734638438632437496
12 August 2021 – 03:05:09 UTC,4.7 years ago,3201695645344476330,,https://steamdb.info/depot/471711/history/?changeid=M:3201695645344476330
11 August 2021 – 02:59:15 UTC,4.7 years ago,7490578678027670178,,https://steamdb.info/depot/471711/history/?changeid=M:7490578678027670178
6 August 2021 – 06:02:59 UTC,4.7 years ago,4900267945326108686,,https://steamdb.info/depot/471711/history/?changeid=M:4900267945326108686
28 July 2021 – 02:51:35 UTC,4.8 years ago,6656234225007984301,,https://steamdb.info/depot/471711/history/?changeid=M:6656234225007984301
21 July 2021 – 03:05:04 UTC,4.8 years ago,749872836561791002,,https://steamdb.info/depot/471711/history/?changeid=M:749872836561791002
14 July 2021 – 02:49:55 UTC,4.8 years ago,5757781658886069870,,https://steamdb.info/depot/471711/history/?changeid=M:5757781658886069870
9 July 2021 – 02:51:36 UTC,4.8 years ago,7390196230889670083,,https://steamdb.info/depot/471711/history/?changeid=M:7390196230889670083
1 July 2021 – 02:49:59 UTC,4.8 years ago,6815711303786259837,,https://steamdb.info/depot/471711/history/?changeid=M:6815711303786259837
25 June 2021 – 02:49:59 UTC,4.8 years ago,2357363549411699610,,https://steamdb.info/depot/471711/history/?changeid=M:2357363549411699610
15 June 2021 – 02:50:02 UTC,4.8 years ago,3779133792993641656,,https://steamdb.info/depot/471711/history/?changeid=M:3779133792993641656
8 June 2021 – 02:49:57 UTC,4.8 years ago,6401229084114930863,,https://steamdb.info/depot/471711/history/?changeid=M:6401229084114930863
2 June 2021 – 02:50:56 UTC,4.8 years ago,1904818789020381487,,https://steamdb.info/depot/471711/history/?changeid=M:1904818789020381487
24 May 2021 – 02:50:09 UTC,4.9 years ago,1476067022411206994,,https://steamdb.info/depot/471711/history/?changeid=M:1476067022411206994
13 May 2021 – 02:49:57 UTC,4.9 years ago,4565445889388980968,,https://steamdb.info/depot/471711/history/?changeid=M:4565445889388980968
7 May 2021 – 17:50:09 UTC,4.9 years ago,7766723532115020403,,https://steamdb.info/depot/471711/history/?changeid=M:7766723532115020403
4 May 2021 – 02:50:19 UTC,4.9 years ago,5245732397155375832,,https://steamdb.info/depot/471711/history/?changeid=M:5245732397155375832
22 April 2021 – 02:49:53 UTC,5 years ago,8366061368821545929,,https://steamdb.info/depot/471711/history/?changeid=M:8366061368821545929
15 April 2021 – 02:51:29 UTC,5 years ago,3376732136308148338,,https://steamdb.info/depot/471711/history/?changeid=M:3376732136308148338
9 April 2021 – 17:50:35 UTC,5 years ago,2795471082075780015,,https://steamdb.info/depot/471711/history/?changeid=M:2795471082075780015
1 April 2021 – 02:50:12 UTC,5 years ago,8052169807338694588,,https://steamdb.info/depot/471711/history/?changeid=M:8052169807338694588
25 March 2021 – 02:50:09 UTC,5.1 years ago,6587823609368733405,,https://steamdb.info/depot/471711/history/?changeid=M:6587823609368733405
12 March 2021 – 03:49:58 UTC,5.1 years ago,8575034338563056045,,https://steamdb.info/depot/471711/history/?changeid=M:8575034338563056045
4 March 2021 – 04:33:43 UTC,5.1 years ago,1972508073464457969,,https://steamdb.info/depot/471711/history/?changeid=M:1972508073464457969
24 February 2021 – 04:06:36 UTC,5.2 years ago,1668304353098978352,,https://steamdb.info/depot/471711/history/?changeid=M:1668304353098978352
19 February 2021 – 04:16:52 UTC,5.2 years ago,5568376881932759542,,https://steamdb.info/depot/471711/history/?changeid=M:5568376881932759542
11 February 2021 – 04:05:37 UTC,5.2 years ago,2214929176151797710,,https://steamdb.info/depot/471711/history/?changeid=M:2214929176151797710
5 February 2021 – 13:33:03 UTC,5.2 years ago,4214176151769797014,,https://steamdb.info/depot/471711/history/?changeid=M:4214176151769797014
28 January 2021 – 04:28:46 UTC,5.3 years ago,8936309613064529436,,https://steamdb.info/depot/471711/history/?changeid=M:8936309613064529436
15 January 2021 – 04:04:56 UTC,5.3 years ago,1345011155050689379,,https://steamdb.info/depot/471711/history/?changeid=M:1345011155050689379
18 December 2020 – 23:34:48 UTC,5.3 years ago,4784008965058944912,,https://steamdb.info/depot/471711/history/?changeid=M:4784008965058944912
18 December 2020 – 20:04:40 UTC,5.3 years ago,3856132724852001771,,https://steamdb.info/depot/471711/history/?changeid=M:3856132724852001771
15 December 2020 – 04:04:42 UTC,5.3 years ago,2515998689772435328,,https://steamdb.info/depot/471711/history/?changeid=M:2515998689772435328
25 November 2020 – 18:29:28 UTC,5.4 years ago,5094118593291630221,,https://steamdb.info/depot/471711/history/?changeid=M:5094118593291630221
24 November 2020 – 04:04:43 UTC,5.4 years ago,5583908353776384549,,https://steamdb.info/depot/471711/history/?changeid=M:5583908353776384549
19 November 2020 – 23:17:42 UTC,5.4 years ago,963304308565975469,,https://steamdb.info/depot/471711/history/?changeid=M:963304308565975469
17 November 2020 – 03:57:26 UTC,5.4 years ago,8613363023330547829,,https://steamdb.info/depot/471711/history/?changeid=M:8613363023330547829
10 November 2020 – 04:04:46 UTC,5.4 years ago,976934657853877610,,https://steamdb.info/depot/471711/history/?changeid=M:976934657853877610
4 November 2020 – 04:04:52 UTC,5.4 years ago,4374408338230185042,,https://steamdb.info/depot/471711/history/?changeid=M:4374408338230185042
27 October 2020 – 03:06:03 UTC,5.5 years ago,513509119891045939,,https://steamdb.info/depot/471711/history/?changeid=M:513509119891045939
20 October 2020 – 03:02:44 UTC,5.5 years ago,1651238414443650509,,https://steamdb.info/depot/471711/history/?changeid=M:1651238414443650509
12 October 2020 – 03:02:41 UTC,5.5 years ago,2575087238759976025,,https://steamdb.info/depot/471711/history/?changeid=M:2575087238759976025
8 October 2020 – 03:02:49 UTC,5.5 years ago,1830464523229227740,,https://steamdb.info/depot/471711/history/?changeid=M:1830464523229227740
29 September 2020 – 09:03:57 UTC,5.6 years ago,2731970225462962921,,https://steamdb.info/depot/471711/history/?changeid=M:2731970225462962921
29 September 2020 – 03:02:41 UTC,5.6 years ago,7570658998816372084,,https://steamdb.info/depot/471711/history/?changeid=M:7570658998816372084
22 September 2020 – 03:02:53 UTC,5.6 years ago,2466414225875682163,,https://steamdb.info/depot/471711/history/?changeid=M:2466414225875682163
15 September 2020 – 03:02:54 UTC,5.6 years ago,7098008177415642396,,https://steamdb.info/depot/471711/history/?changeid=M:7098008177415642396
9 September 2020 – 03:00:40 UTC,5.6 years ago,553783396802056954,,https://steamdb.info/depot/471711/history/?changeid=M:553783396802056954
2 September 2020 – 03:41:25 UTC,5.6 years ago,3919593298565766086,,https://steamdb.info/depot/471711/history/?changeid=M:3919593298565766086
1 September 2020 – 03:13:47 UTC,5.6 years ago,1918475150128917362,,https://steamdb.info/depot/471711/history/?changeid=M:1918475150128917362
25 August 2020 – 03:00:43 UTC,5.7 years ago,8745551450717882149,,https://steamdb.info/depot/471711/history/?changeid=M:8745551450717882149
10 August 2020 – 02:57:31 UTC,5.7 years ago,7806768423893934427,,https://steamdb.info/depot/471711/history/?changeid=M:7806768423893934427
4 August 2020 – 04:00:43 UTC,5.7 years ago,1109057644854052159,,https://steamdb.info/depot/471711/history/?changeid=M:1109057644854052159
28 July 2020 – 03:00:49 UTC,5.8 years ago,37465864140382273,,https://steamdb.info/depot/471711/history/?changeid=M:37465864140382273
22 July 2020 – 03:00:56 UTC,5.8 years ago,6096171698536201882,,https://steamdb.info/depot/471711/history/?changeid=M:6096171698536201882
17 July 2020 – 03:00:52 UTC,5.8 years ago,824980809844697935,,https://steamdb.info/depot/471711/history/?changeid=M:824980809844697935
9 July 2020 – 03:00:49 UTC,5.8 years ago,5137844409455432790,,https://steamdb.info/depot/471711/history/?changeid=M:5137844409455432790
1 July 2020 – 03:10:54 UTC,5.8 years ago,819333407460269348,,https://steamdb.info/depot/471711/history/?changeid=M:819333407460269348
26 June 2020 – 03:00:36 UTC,5.8 years ago,2707793457083179066,,https://steamdb.info/depot/471711/history/?changeid=M:2707793457083179066
16 June 2020 – 03:11:36 UTC,5.8 years ago,7747515311053960730,,https://steamdb.info/depot/471711/history/?changeid=M:7747515311053960730
9 June 2020 – 07:58:29 UTC,5.8 years ago,7438654684604191232,,https://steamdb.info/depot/471711/history/?changeid=M:7438654684604191232
9 June 2020 – 03:16:08 UTC,5.8 years ago,1545703745448283545,,https://steamdb.info/depot/471711/history/?changeid=M:1545703745448283545
27 May 2020 – 06:02:14 UTC,5.9 years ago,5708327461703404868,,https://steamdb.info/depot/471711/history/?changeid=M:5708327461703404868
19 May 2020 – 03:00:42 UTC,5.9 years ago,971386902671377675,,https://steamdb.info/depot/471711/history/?changeid=M:971386902671377675
13 May 2020 – 03:01:18 UTC,5.9 years ago,8502897814266610891,,https://steamdb.info/depot/471711/history/?changeid=M:8502897814266610891
4 May 2020 – 03:10:23 UTC,5.9 years ago,8711383531925002297,,https://steamdb.info/depot/471711/history/?changeid=M:8711383531925002297
30 April 2020 – 03:03:10 UTC,6 years ago,6856763107021842453,,https://steamdb.info/depot/471711/history/?changeid=M:6856763107021842453
20 April 2020 – 03:32:18 UTC,6 years ago,9119006898280485087,,https://steamdb.info/depot/471711/history/?changeid=M:9119006898280485087
8 April 2020 – 02:56:55 UTC,6 years ago,3706709507199582170,,https://steamdb.info/depot/471711/history/?changeid=M:3706709507199582170
2 April 2020 – 02:51:01 UTC,6 years ago,3669417317563627333,,https://steamdb.info/depot/471711/history/?changeid=M:3669417317563627333
27 March 2020 – 02:58:55 UTC,6.1 years ago,2539899194395389618,,https://steamdb.info/depot/471711/history/?changeid=M:2539899194395389618
10 March 2020 – 05:08:39 UTC,6.1 years ago,4766551521966830741,,https://steamdb.info/depot/471711/history/?changeid=M:4766551521966830741
4 March 2020 – 19:00:58 UTC,6.1 years ago,1385844251939419607,,https://steamdb.info/depot/471711/history/?changeid=M:1385844251939419607
6 February 2020 – 15:06:28 UTC,6.2 years ago,3043665932792163512,,https://steamdb.info/depot/471711/history/?changeid=M:3043665932792163512
3 February 2020 – 15:02:40 UTC,6.2 years ago,385148847021849890,,https://steamdb.info/depot/471711/history/?changeid=M:385148847021849890
27 January 2020 – 17:25:16 UTC,6.3 years ago,7905064361203347857,,https://steamdb.info/depot/471711/history/?changeid=M:7905064361203347857
21 January 2020 – 18:58:37 UTC,6.3 years ago,2113156792813307547,,https://steamdb.info/depot/471711/history/?changeid=M:2113156792813307547
16 January 2020 – 18:52:14 UTC,6.3 years ago,6354528156106512379,,https://steamdb.info/depot/471711/history/?changeid=M:6354528156106512379
19 December 2019 – 16:30:25 UTC,6.3 years ago,5948698735243937255,,https://steamdb.info/depot/471711/history/?changeid=M:5948698735243937255
13 December 2019 – 02:31:58 UTC,6.3 years ago,343815054766036484,,https://steamdb.info/depot/471711/history/?changeid=M:343815054766036484
6 December 2019 – 18:22:24 UTC,6.3 years ago,8322364491392889253,,https://steamdb.info/depot/471711/history/?changeid=M:8322364491392889253
25 November 2019 – 19:13:27 UTC,6.4 years ago,3758688414374192473,,https://steamdb.info/depot/471711/history/?changeid=M:3758688414374192473
21 November 2019 – 15:08:33 UTC,6.4 years ago,7177272088743827206,,https://steamdb.info/depot/471711/history/?changeid=M:7177272088743827206
12 November 2019 – 15:10:55 UTC,6.4 years ago,3952930323819311643,,https://steamdb.info/depot/471711/history/?changeid=M:3952930323819311643
8 November 2019 – 15:57:32 UTC,6.4 years ago,5315927945872155777,,https://steamdb.info/depot/471711/history/?changeid=M:5315927945872155777
7 November 2019 – 15:14:18 UTC,6.4 years ago,1920649049668801468,,https://steamdb.info/depot/471711/history/?changeid=M:1920649049668801468
30 October 2019 – 22:45:04 UTC,6.5 years ago,3113419806750365889,,https://steamdb.info/depot/471711/history/?changeid=M:3113419806750365889
29 October 2019 – 14:09:11 UTC,6.5 years ago,5120486837419374208,,https://steamdb.info/depot/471711/history/?changeid=M:5120486837419374208
22 October 2019 – 14:14:18 UTC,6.5 years ago,1443786197990327171,,https://steamdb.info/depot/471711/history/?changeid=M:1443786197990327171
16 October 2019 – 14:39:10 UTC,6.5 years ago,5355413196059622437,,https://steamdb.info/depot/471711/history/?changeid=M:5355413196059622437
15 October 2019 – 17:15:10 UTC,6.5 years ago,7347948835922195841,,https://steamdb.info/depot/471711/history/?changeid=M:7347948835922195841
15 October 2019 – 14:09:44 UTC,6.5 years ago,6759196584658214391,,https://steamdb.info/depot/471711/history/?changeid=M:6759196584658214391
11 October 2019 – 14:08:50 UTC,6.5 years ago,7111541706552293402,,https://steamdb.info/depot/471711/history/?changeid=M:7111541706552293402
10 October 2019 – 18:00:53 UTC,6.5 years ago,7477009420532447045,,https://steamdb.info/depot/471711/history/?changeid=M:7477009420532447045
2 October 2019 – 14:21:06 UTC,6.5 years ago,410777959479966924,,https://steamdb.info/depot/471711/history/?changeid=M:410777959479966924
24 September 2019 – 16:24:08 UTC,6.6 years ago,4791756611039694787,,https://steamdb.info/depot/471711/history/?changeid=M:4791756611039694787
17 September 2019 – 14:26:51 UTC,6.6 years ago,8343874037118615738,,https://steamdb.info/depot/471711/history/?changeid=M:8343874037118615738
10 September 2019 – 14:23:19 UTC,6.6 years ago,3817258843939969587,,https://steamdb.info/depot/471711/history/?changeid=M:3817258843939969587
6 September 2019 – 14:10:55 UTC,6.6 years ago,3740416007224945875,,https://steamdb.info/depot/471711/history/?changeid=M:3740416007224945875
5 September 2019 – 17:54:23 UTC,6.6 years ago,1720127094789649875,,https://steamdb.info/depot/471711/history/?changeid=M:1720127094789649875
27 August 2019 – 14:02:14 UTC,6.7 years ago,8971929951783317494,,https://steamdb.info/depot/471711/history/?changeid=M:8971929951783317494
20 August 2019 – 14:04:18 UTC,6.7 years ago,2886220549945716733,,https://steamdb.info/depot/471711/history/?changeid=M:2886220549945716733
13 August 2019 – 17:43:29 UTC,6.7 years ago,1372795760834778428,,https://steamdb.info/depot/471711/history/?changeid=M:1372795760834778428
6 August 2019 – 17:50:47 UTC,6.7 years ago,5639332342785897485,,https://steamdb.info/depot/471711/history/?changeid=M:5639332342785897485
1 August 2019 – 18:10:40 UTC,6.7 years ago,7529139180918012566,,https://steamdb.info/depot/471711/history/?changeid=M:7529139180918012566
30 July 2019 – 13:59:42 UTC,6.8 years ago,4043754249033784000,,https://steamdb.info/depot/471711/history/?changeid=M:4043754249033784000
23 July 2019 – 18:53:08 UTC,6.8 years ago,4693569285935572384 index_improved,,https://steamdb.info/depot/471711/history/?changeid=M:4693569285935572384
23 July 2019 – 13:56:01 UTC,6.8 years ago,5915887700806228164,,https://steamdb.info/depot/471711/history/?changeid=M:5915887700806228164
18 July 2019 – 17:59:49 UTC,6.8 years ago,7658323871466054680,,https://steamdb.info/depot/471711/history/?changeid=M:7658323871466054680
9 July 2019 – 14:00:15 UTC,6.8 years ago,2965285279018478837,,https://steamdb.info/depot/471711/history/?changeid=M:2965285279018478837
2 July 2019 – 17:01:39 UTC,6.8 years ago,9040519409788641767,,https://steamdb.info/depot/471711/history/?changeid=M:9040519409788641767
28 June 2019 – 13:58:34 UTC,6.8 years ago,7996086750005581273,,https://steamdb.info/depot/471711/history/?changeid=M:7996086750005581273
27 June 2019 – 14:02:36 UTC,6.8 years ago,35938996036399002,,https://steamdb.info/depot/471711/history/?changeid=M:35938996036399002
11 June 2019 – 14:05:32 UTC,6.8 years ago,1947085331244888856,,https://steamdb.info/depot/471711/history/?changeid=M:1947085331244888856
6 June 2019 – 14:02:12 UTC,6.8 years ago,8365380216693009916,,https://steamdb.info/depot/471711/history/?changeid=M:8365380216693009916
5 June 2019 – 00:32:06 UTC,6.8 years ago,5317899065588351359,,https://steamdb.info/depot/471711/history/?changeid=M:5317899065588351359
2 May 2019 – 21:29:55 UTC,6.9 years ago,6305737476812342641,,https://steamdb.info/depot/471711/history/?changeid=M:6305737476812342641
30 April 2019 – 21:58:27 UTC,7 years ago,859918154791893432,,https://steamdb.info/depot/471711/history/?changeid=M:859918154791893432
25 April 2019 – 23:23:01 UTC,7 years ago,6185049689623293718 pedro_test,,https://steamdb.info/depot/471711/history/?changeid=M:6185049689623293718
24 April 2019 – 15:07:27 UTC,7 years ago,9085878949463109094,,https://steamdb.info/depot/471711/history/?changeid=M:9085878949463109094
23 April 2019 – 15:25:47 UTC,7 years ago,619033774873095936,,https://steamdb.info/depot/471711/history/?changeid=M:619033774873095936
19 March 2019 – 18:33:35 UTC,7.1 years ago,504190851593979573,,https://steamdb.info/depot/471711/history/?changeid=M:504190851593979573
16 March 2019 – 00:18:59 UTC,7.1 years ago,709237215407709634,,https://steamdb.info/depot/471711/history/?changeid=M:709237215407709634
14 March 2019 – 23:23:50 UTC,7.1 years ago,374730713245621885,,https://steamdb.info/depot/471711/history/?changeid=M:374730713245621885
14 February 2019 – 22:55:35 UTC,7.2 years ago,7771374610905981472,,https://steamdb.info/depot/471711/history/?changeid=M:7771374610905981472
7 February 2019 – 18:24:01 UTC,7.2 years ago,2026425126113952573,,https://steamdb.info/depot/471711/history/?changeid=M:2026425126113952573
29 January 2019 – 20:05:38 UTC,7.3 years ago,2756916550375388368,,https://steamdb.info/depot/471711/history/?changeid=M:2756916550375388368
25 January 2019 – 16:47:19 UTC,7.3 years ago,4470782925300260923,,https://steamdb.info/depot/471711/history/?changeid=M:4470782925300260923
18 January 2019 – 19:43:25 UTC,7.3 years ago,7700717833951446611,,https://steamdb.info/depot/471711/history/?changeid=M:7700717833951446611
20 December 2018 – 21:03:57 UTC,7.3 years ago,7935806666775951302,,https://steamdb.info/depot/471711/history/?changeid=M:7935806666775951302
19 December 2018 – 21:04:44 UTC,7.3 years ago,7089892903580845400,,https://steamdb.info/depot/471711/history/?changeid=M:7089892903580845400
14 December 2018 – 19:12:52 UTC,7.3 years ago,1421943146240504109,,https://steamdb.info/depot/471711/history/?changeid=M:1421943146240504109
6 December 2018 – 21:26:17 UTC,7.3 years ago,4492080661376668040,,https://steamdb.info/depot/471711/history/?changeid=M:4492080661376668040
5 December 2018 – 21:34:52 UTC,7.3 years ago,6628359842898080380,,https://steamdb.info/depot/471711/history/?changeid=M:6628359842898080380
21 November 2018 – 18:28:53 UTC,7.4 years ago,571906163852710326,,https://steamdb.info/depot/471711/history/?changeid=M:571906163852710326
17 November 2018 – 00:31:17 UTC,7.4 years ago,8188591807556222315,,https://steamdb.info/depot/471711/history/?changeid=M:8188591807556222315
15 November 2018 – 20:00:52 UTC,7.4 years ago,2538457149791015466,,https://steamdb.info/depot/471711/history/?changeid=M:2538457149791015466
8 November 2018 – 19:42:18 UTC,7.4 years ago,6237055234290468333,,https://steamdb.info/depot/471711/history/?changeid=M:6237055234290468333
5 November 2018 – 23:42:06 UTC,7.4 years ago,340101847129293281,,https://steamdb.info/depot/471711/history/?changeid=M:340101847129293281
25 October 2018 – 22:07:23 UTC,7.5 years ago,1804986234319208248,,https://steamdb.info/depot/471711/history/?changeid=M:1804986234319208248
12 October 2018 – 21:50:41 UTC,7.5 years ago,6943606948982362268,,https://steamdb.info/depot/471711/history/?changeid=M:6943606948982362268
11 October 2018 – 23:46:07 UTC,7.5 years ago,8254847920944208371,,https://steamdb.info/depot/471711/history/?changeid=M:8254847920944208371
29 September 2018 – 21:19:48 UTC,7.6 years ago,8472574316878862735,,https://steamdb.info/depot/471711/history/?changeid=M:8472574316878862735
29 September 2018 – 02:31:03 UTC,7.6 years ago,7148576085562359333,,https://steamdb.info/depot/471711/history/?changeid=M:7148576085562359333
29 September 2018 – 00:17:32 UTC,7.6 years ago,678246311108928276,,https://steamdb.info/depot/471711/history/?changeid=M:678246311108928276
27 September 2018 – 21:32:54 UTC,7.6 years ago,5112800850661766506,,https://steamdb.info/depot/471711/history/?changeid=M:5112800850661766506
14 September 2018 – 18:44:25 UTC,7.6 years ago,926897397772805009,,https://steamdb.info/depot/471711/history/?changeid=M:926897397772805009
7 September 2018 – 21:35:54 UTC,7.6 years ago,7763898423339170417,,https://steamdb.info/depot/471711/history/?changeid=M:7763898423339170417
30 August 2018 – 21:05:57 UTC,7.7 years ago,8292530094402723359,,https://steamdb.info/depot/471711/history/?changeid=M:8292530094402723359
30 August 2018 – 20:23:22 UTC,7.7 years ago,8708810014777186446,,https://steamdb.info/depot/471711/history/?changeid=M:8708810014777186446
28 August 2018 – 16:00:26 UTC,7.7 years ago,7679798170668024064,,https://steamdb.info/depot/471711/history/?changeid=M:7679798170668024064
10 August 2018 – 22:16:20 UTC,7.7 years ago,2623162413694457681,,https://steamdb.info/depot/471711/history/?changeid=M:2623162413694457681
9 August 2018 – 21:52:57 UTC,7.7 years ago,1977224272263690053,,https://steamdb.info/depot/471711/history/?changeid=M:1977224272263690053
3 August 2018 – 22:12:46 UTC,7.7 years ago,7606648147332447514,,https://steamdb.info/depot/471711/history/?changeid=M:7606648147332447514
31 July 2018 – 22:35:15 UTC,7.7 years ago,7711594188166789780,,https://steamdb.info/depot/471711/history/?changeid=M:7711594188166789780
27 July 2018 – 23:32:16 UTC,7.8 years ago,6815323762502625569,,https://steamdb.info/depot/471711/history/?changeid=M:6815323762502625569
26 July 2018 – 22:13:12 UTC,7.8 years ago,2798276812346765733,,https://steamdb.info/depot/471711/history/?changeid=M:2798276812346765733
20 July 2018 – 20:10:36 UTC,7.8 years ago,9192535612148196234,,https://steamdb.info/depot/471711/history/?changeid=M:9192535612148196234
18 July 2018 – 23:36:19 UTC,7.8 years ago,3508314630122133762,,https://steamdb.info/depot/471711/history/?changeid=M:3508314630122133762
17 July 2018 – 17:57:37 UTC,7.8 years ago,5685623469708947678,,https://steamdb.info/depot/471711/history/?changeid=M:5685623469708947678
13 July 2018 – 17:30:36 UTC,7.8 years ago,7215521011309491864,,https://steamdb.info/depot/471711/history/?changeid=M:7215521011309491864
22 June 2018 – 00:34:04 UTC,7.8 years ago,8810573774841826682,,https://steamdb.info/depot/471711/history/?changeid=M:8810573774841826682
21 June 2018 – 00:30:05 UTC,7.8 years ago,6551901606299236741,,https://steamdb.info/depot/471711/history/?changeid=M:6551901606299236741
8 June 2018 – 21:22:33 UTC,7.8 years ago,1180669471052431665,,https://steamdb.info/depot/471711/history/?changeid=M:1180669471052431665
7 June 2018 – 23:55:49 UTC,7.8 years ago,5191091334350316840,,https://steamdb.info/depot/471711/history/?changeid=M:5191091334350316840
6 June 2018 – 18:52:43 UTC,7.8 years ago,406907973942562536,,https://steamdb.info/depot/471711/history/?changeid=M:406907973942562536
30 May 2018 – 00:27:44 UTC,7.9 years ago,942313249613397668,,https://steamdb.info/depot/471711/history/?changeid=M:942313249613397668
26 May 2018 – 01:00:13 UTC,7.9 years ago,4060364212938800220,,https://steamdb.info/depot/471711/history/?changeid=M:4060364212938800220
16 May 2018 – 19:37:57 UTC,7.9 years ago,5100465187399882023,,https://steamdb.info/depot/471711/history/?changeid=M:5100465187399882023
15 May 2018 – 18:07:52 UTC,7.9 years ago,276973053162757443,,https://steamdb.info/depot/471711/history/?changeid=M:276973053162757443
11 May 2018 – 18:12:06 UTC,7.9 years ago,3540176249697123058,,https://steamdb.info/depot/471711/history/?changeid=M:3540176249697123058
9 May 2018 – 19:37:59 UTC,7.9 years ago,8220680436138526837,,https://steamdb.info/depot/471711/history/?changeid=M:8220680436138526837
4 May 2018 – 20:50:17 UTC,7.9 years ago,181945085197611952,,https://steamdb.info/depot/471711/history/?changeid=M:181945085197611952
1 May 2018 – 21:11:57 UTC,7.9 years ago,1238523315800122184,,https://steamdb.info/depot/471711/history/?changeid=M:1238523315800122184
29 April 2018 – 17:28:39 UTC,8 years ago,8271519225986407483,,https://steamdb.info/depot/471711/history/?changeid=M:8271519225986407483
27 April 2018 – 18:51:13 UTC,8 years ago,2313442255500281401,,https://steamdb.info/depot/471711/history/?changeid=M:2313442255500281401
13 April 2018 – 22:58:42 UTC,8 years ago,6016813016749077978,,https://steamdb.info/depot/471711/history/?changeid=M:6016813016749077978
12 April 2018 – 18:08:52 UTC,8 years ago,5073294050098184819,,https://steamdb.info/depot/471711/history/?changeid=M:5073294050098184819
5 April 2018 – 19:22:43 UTC,8 years ago,8442049065322269756,,https://steamdb.info/depot/471711/history/?changeid=M:8442049065322269756
20 March 2018 – 19:43:25 UTC,8.1 years ago,8770150353765851943,,https://steamdb.info/depot/471711/history/?changeid=M:8770150353765851943
16 March 2018 – 20:35:40 UTC,8.1 years ago,1820757600679449497,,https://steamdb.info/depot/471711/history/?changeid=M:1820757600679449497
15 March 2018 – 20:55:21 UTC,8.1 years ago,4220356419979868090,,https://steamdb.info/depot/471711/history/?changeid=M:4220356419979868090
5 March 2018 – 19:39:58 UTC,8.1 years ago,4052215436610137454,,https://steamdb.info/depot/471711/history/?changeid=M:4052215436610137454
3 March 2018 – 17:00:42 UTC,8.1 years ago,1118596612051042182,,https://steamdb.info/depot/471711/history/?changeid=M:1118596612051042182
1 March 2018 – 22:20:27 UTC,8.1 years ago,4037135149930156318,,https://steamdb.info/depot/471711/history/?changeid=M:4037135149930156318
1 March 2018 – 20:14:27 UTC,8.1 years ago,3216161664209849606,,https://steamdb.info/depot/471711/history/?changeid=M:3216161664209849606
21 February 2018 – 23:13:28 UTC,8.2 years ago,4420801733989897445,,https://steamdb.info/depot/471711/history/?changeid=M:4420801733989897445
16 February 2018 – 22:16:39 UTC,8.2 years ago,8142087113497352209,,https://steamdb.info/depot/471711/history/?changeid=M:8142087113497352209
15 February 2018 – 18:48:13 UTC,8.2 years ago,5848972363929365350,,https://steamdb.info/depot/471711/history/?changeid=M:5848972363929365350
2 February 2018 – 20:35:48 UTC,8.2 years ago,7236551857882554554,,https://steamdb.info/depot/471711/history/?changeid=M:7236551857882554554
1 February 2018 – 20:04:59 UTC,8.2 years ago,6013322478435763046,,https://steamdb.info/depot/471711/history/?changeid=M:6013322478435763046
18 January 2018 – 01:17:10 UTC,8.3 years ago,4484636294404304535,,https://steamdb.info/depot/471711/history/?changeid=M:4484636294404304535
12 January 2018 – 22:13:25 UTC,8.3 years ago,7805431100826792241,,https://steamdb.info/depot/471711/history/?changeid=M:7805431100826792241
20 December 2017 – 21:50:35 UTC,8.3 years ago,8085942183583969702,,https://steamdb.info/depot/471711/history/?changeid=M:8085942183583969702
15 December 2017 – 01:29:10 UTC,8.3 years ago,5289494715554966483,,https://steamdb.info/depot/471711/history/?changeid=M:5289494715554966483
30 November 2017 – 23:39:18 UTC,8.3 years ago,423813208838963499,,https://steamdb.info/depot/471711/history/?changeid=M:423813208838963499
21 November 2017 – 00:44:33 UTC,8.4 years ago,6274982063416276948,,https://steamdb.info/depot/471711/history/?changeid=M:6274982063416276948
18 November 2017 – 17:11:39 UTC,8.4 years ago,6258316584260598560,,https://steamdb.info/depot/471711/history/?changeid=M:6258316584260598560
10 November 2017 – 00:49:07 UTC,8.4 years ago,3186840471977606292,,https://steamdb.info/depot/471711/history/?changeid=M:3186840471977606292
3 November 2017 – 22:29:04 UTC,8.4 years ago,4239320714627442323,,https://steamdb.info/depot/471711/history/?changeid=M:4239320714627442323
31 October 2017 – 21:37:38 UTC,8.5 years ago,3171274018253403050,,https://steamdb.info/depot/471711/history/?changeid=M:3171274018253403050
28 October 2017 – 01:35:02 UTC,8.5 years ago,398252297428013300,,https://steamdb.info/depot/471711/history/?changeid=M:398252297428013300
27 October 2017 – 20:21:58 UTC,8.5 years ago,1443494703610945087,,https://steamdb.info/depot/471711/history/?changeid=M:1443494703610945087
19 October 2017 – 20:15:04 UTC,8.5 years ago,1397517903675483731,,https://steamdb.info/depot/471711/history/?changeid=M:1397517903675483731
13 October 2017 – 22:45:38 UTC,8.5 years ago,9044764189335465748,,https://steamdb.info/depot/471711/history/?changeid=M:9044764189335465748
5 October 2017 – 22:48:34 UTC,8.5 years ago,508117852143706917,,https://steamdb.info/depot/471711/history/?changeid=M:508117852143706917
3 October 2017 – 22:26:59 UTC,8.5 years ago,5097373200380607830,,https://steamdb.info/depot/471711/history/?changeid=M:5097373200380607830
2 October 2017 – 21:25:30 UTC,8.5 years ago,8267987913704360820 tmoney_trailer,,https://steamdb.info/depot/471711/history/?changeid=M:8267987913704360820
2 October 2017 – 18:15:46 UTC,8.5 years ago,7189802214776500735,,https://steamdb.info/depot/471711/history/?changeid=M:7189802214776500735
15 September 2017 – 00:01:47 UTC,8.6 years ago,909705437417763467,,https://steamdb.info/depot/471711/history/?changeid=M:909705437417763467
11 September 2017 – 18:46:16 UTC,8.6 years ago,7285995850302779742,,https://steamdb.info/depot/471711/history/?changeid=M:7285995850302779742
2 September 2017 – 00:25:13 UTC,8.6 years ago,3899853783182366588,,https://steamdb.info/depot/471711/history/?changeid=M:3899853783182366588
1 September 2017 – 01:07:05 UTC,8.6 years ago,3459941088193637200,,https://steamdb.info/depot/471711/history/?changeid=M:3459941088193637200
22 August 2017 – 22:54:30 UTC,8.7 years ago,8767618684281036379,,https://steamdb.info/depot/471711/history/?changeid=M:8767618684281036379
18 August 2017 – 01:26:42 UTC,8.7 years ago,106437243638548470,,https://steamdb.info/depot/471711/history/?changeid=M:106437243638548470
14 August 2017 – 22:16:49 UTC,8.7 years ago,878274117621657266,,https://steamdb.info/depot/471711/history/?changeid=M:878274117621657266
7 August 2017 – 22:40:33 UTC,8.7 years ago,5457546806278092971,,https://steamdb.info/depot/471711/history/?changeid=M:5457546806278092971
4 August 2017 – 20:51:05 UTC,8.7 years ago,6858761309844944856,,https://steamdb.info/depot/471711/history/?changeid=M:6858761309844944856
4 August 2017 – 00:54:25 UTC,8.7 years ago,6065395139861851248,,https://steamdb.info/depot/471711/history/?changeid=M:6065395139861851248
28 July 2017 – 01:14:51 UTC,8.8 years ago,1167997133776571684,,https://steamdb.info/depot/471711/history/?changeid=M:1167997133776571684
22 July 2017 – 00:45:56 UTC,8.8 years ago,4925410960753961067,,https://steamdb.info/depot/471711/history/?changeid=M:4925410960753961067
21 July 2017 – 02:03:07 UTC,8.8 years ago,5887722486724265435,,https://steamdb.info/depot/471711/history/?changeid=M:5887722486724265435
12 July 2017 – 23:43:34 UTC,8.8 years ago,2932388464690083659 dankr,,https://steamdb.info/depot/471711/history/?changeid=M:2932388464690083659
12 July 2017 – 01:20:17 UTC,8.8 years ago,4776057137356809898,,https://steamdb.info/depot/471711/history/?changeid=M:4776057137356809898
12 July 2017 – 01:15:07 UTC,8.8 years ago,8059404486147353055,,https://steamdb.info/depot/471711/history/?changeid=M:8059404486147353055
11 July 2017 – 00:44:03 UTC,8.8 years ago,1589897961036122544,,https://steamdb.info/depot/471711/history/?changeid=M:1589897961036122544
26 June 2017 – 22:41:58 UTC,8.8 years ago,7707708171552738217,,https://steamdb.info/depot/471711/history/?changeid=M:7707708171552738217
25 June 2017 – 05:07:32 UTC,8.8 years ago,2109968245044975233,,https://steamdb.info/depot/471711/history/?changeid=M:2109968245044975233
23 June 2017 – 17:23:52 UTC,8.8 years ago,1556551835360591493,,https://steamdb.info/depot/471711/history/?changeid=M:1556551835360591493
13 June 2017 – 22:34:57 UTC,8.8 years ago,2221582477109258609,,https://steamdb.info/depot/471711/history/?changeid=M:2221582477109258609
8 June 2017 – 23:38:26 UTC,8.8 years ago,7086910194525152136,,https://steamdb.info/depot/471711/history/?changeid=M:7086910194525152136
8 June 2017 – 21:14:56 UTC,8.8 years ago,7316990286433797333,,https://steamdb.info/depot/471711/history/?changeid=M:7316990286433797333
23 May 2017 – 19:12:22 UTC,8.9 years ago,3113799905038620046,,https://steamdb.info/depot/471711/history/?changeid=M:3113799905038620046
21 May 2017 – 02:31:05 UTC,8.9 years ago,111528910291636430,,https://steamdb.info/depot/471711/history/?changeid=M:111528910291636430
20 May 2017 – 01:30:19 UTC,8.9 years ago,1938376462467514898,,https://steamdb.info/depot/471711/history/?changeid=M:1938376462467514898
20 May 2017 – 00:29:28 UTC,8.9 years ago,2527895551030130502,,https://steamdb.info/depot/471711/history/?changeid=M:2527895551030130502
9 May 2017 – 19:09:30 UTC,8.9 years ago,7775614989016621550,,https://steamdb.info/depot/471711/history/?changeid=M:7775614989016621550
8 May 2017 – 22:53:45 UTC,8.9 years ago,7563719390569238903,,https://steamdb.info/depot/471711/history/?changeid=M:7563719390569238903
6 May 2017 – 00:42:09 UTC,8.9 years ago,4447259622368935190,,https://steamdb.info/depot/471711/history/?changeid=M:4447259622368935190
5 May 2017 – 00:49:38 UTC,8.9 years ago,6617834564374838200,,https://steamdb.info/depot/471711/history/?changeid=M:6617834564374838200
29 April 2017 – 00:25:43 UTC,9 years ago,6411602155504538080,,https://steamdb.info/depot/471711/history/?changeid=M:6411602155504538080
28 April 2017 – 01:59:53 UTC,9 years ago,2724903402798746611,,https://steamdb.info/depot/471711/history/?changeid=M:2724903402798746611
20 April 2017 – 22:49:30 UTC,9 years ago,1708612398542181927,,https://steamdb.info/depot/471711/history/?changeid=M:1708612398542181927
14 April 2017 – 23:03:37 UTC,9 years ago,6660160640342553930,,https://steamdb.info/depot/471711/history/?changeid=M:6660160640342553930
12 April 2017 – 21:49:04 UTC,9 years ago,4374944403903181132,,https://steamdb.info/depot/471711/history/?changeid=M:4374944403903181132
7 April 2017 – 21:06:02 UTC,9 years ago,7036253055790919140,,https://steamdb.info/depot/471711/history/?changeid=M:7036253055790919140
31 March 2017 – 00:56:34 UTC,9.1 years ago,6638434957706912439,,https://steamdb.info/depot/471711/history/?changeid=M:6638434957706912439
29 March 2017 – 02:00:33 UTC,9.1 years ago,557226448350250124,,https://steamdb.info/depot/471711/history/?changeid=M:557226448350250124
28 March 2017 – 23:58:30 UTC,9.1 years ago,7797052052086516007,,https://steamdb.info/depot/471711/history/?changeid=M:7797052052086516007
25 March 2017 – 00:00:09 UTC,9.1 years ago,429961858648164484,,https://steamdb.info/depot/471711/history/?changeid=M:429961858648164484
24 March 2017 – 00:50:23 UTC,9.1 years ago,1655320907991352027,,https://steamdb.info/depot/471711/history/?changeid=M:1655320907991352027
23 March 2017 – 20:27:38 UTC,9.1 years ago,157323939332896781,,https://steamdb.info/depot/471711/history/?changeid=M:157323939332896781
23 March 2017 – 03:01:13 UTC,9.1 years ago,4635637071237364407,,https://steamdb.info/depot/471711/history/?changeid=M:4635637071237364407
17 March 2017 – 19:39:02 UTC,9.1 years ago,1867696127010072960,,https://steamdb.info/depot/471711/history/?changeid=M:1867696127010072960
13 March 2017 – 23:52:18 UTC,9.1 years ago,7031178245801109076,,https://steamdb.info/depot/471711/history/?changeid=M:7031178245801109076
13 March 2017 – 19:47:14 UTC,9.1 years ago,1917087114031565919,,https://steamdb.info/depot/471711/history/?changeid=M:1917087114031565919
10 March 2017 – 01:31:01 UTC,9.1 years ago,3013939933633696253,,https://steamdb.info/depot/471711/history/?changeid=M:3013939933633696253
9 March 2017 – 02:36:59 UTC,9.1 years ago,512603081605663477,,https://steamdb.info/depot/471711/history/?changeid=M:512603081605663477
1 March 2017 – 21:37:31 UTC,9.1 years ago,6135625719507137531,,https://steamdb.info/depot/471711/history/?changeid=M:6135625719507137531
24 February 2017 – 22:15:01 UTC,9.2 years ago,1736465827698404753,,https://steamdb.info/depot/471711/history/?changeid=M:1736465827698404753
23 February 2017 – 23:40:18 UTC,9.2 years ago,6859627191769621156,,https://steamdb.info/depot/471711/history/?changeid=M:6859627191769621156
22 February 2017 – 19:52:07 UTC,9.2 years ago,2859847576718116651,,https://steamdb.info/depot/471711/history/?changeid=M:2859847576718116651
14 February 2017 – 02:05:12 UTC,9.2 years ago,7452447116407047837,,https://steamdb.info/depot/471711/history/?changeid=M:7452447116407047837
13 February 2017 – 21:47:24 UTC,9.2 years ago,7169987427560345612,,https://steamdb.info/depot/471711/history/?changeid=M:7169987427560345612
11 February 2017 – 00:57:56 UTC,9.2 years ago,7694317481478922956,,https://steamdb.info/depot/471711/history/?changeid=M:7694317481478922956
10 February 2017 – 01:48:05 UTC,9.2 years ago,2420201992531381519,,https://steamdb.info/depot/471711/history/?changeid=M:2420201992531381519
3 February 2017 – 23:53:02 UTC,9.2 years ago,4682896605443297458,,https://steamdb.info/depot/471711/history/?changeid=M:4682896605443297458
1 February 2017 – 01:33:25 UTC,9.2 years ago,2184174500936477594,,https://steamdb.info/depot/471711/history/?changeid=M:2184174500936477594
26 January 2017 – 01:14:27 UTC,9.3 years ago,151686977716385839,,https://steamdb.info/depot/471711/history/?changeid=M:151686977716385839
20 January 2017 – 01:17:12 UTC,9.3 years ago,8061750969870240553,,https://steamdb.info/depot/471711/history/?changeid=M:8061750969870240553
18 January 2017 – 23:01:59 UTC,9.3 years ago,7500062053385944746,,https://steamdb.info/depot/471711/history/?changeid=M:7500062053385944746
18 January 2017 – 01:10:07 UTC,9.3 years ago,4350859901318817364,,https://steamdb.info/depot/471711/history/?changeid=M:4350859901318817364
11 January 2017 – 00:18:10 UTC,9.3 years ago,4426211608086196524,,https://steamdb.info/depot/471711/history/?changeid=M:4426211608086196524
7 January 2017 – 02:41:28 UTC,9.3 years ago,1355637356417786081,,https://steamdb.info/depot/471711/history/?changeid=M:1355637356417786081
23 December 2016 – 02:09:33 UTC,9.3 years ago,44843189150346366,,https://steamdb.info/depot/471711/history/?changeid=M:44843189150346366
16 December 2016 – 19:35:04 UTC,9.3 years ago,8356502470941083689,,https://steamdb.info/depot/471711/history/?changeid=M:8356502470941083689
9 December 2016 – 20:13:48 UTC,9.3 years ago,1341823113150898819,,https://steamdb.info/depot/471711/history/?changeid=M:1341823113150898819
9 December 2016 – 03:11:41 UTC,9.3 years ago,8224493981844824938,,https://steamdb.info/depot/471711/history/?changeid=M:8224493981844824938
29 November 2016 – 21:32:10 UTC,9.4 years ago,1964111244192991547,,https://steamdb.info/depot/471711/history/?changeid=M:1964111244192991547
24 November 2016 – 02:55:54 UTC,9.4 years ago,8464629802564135940,,https://steamdb.info/depot/471711/history/?changeid=M:8464629802564135940
23 November 2016 – 01:26:08 UTC,9.4 years ago,2999110564380282122,,https://steamdb.info/depot/471711/history/?changeid=M:2999110564380282122
16 November 2016 – 19:34:45 UTC,9.4 years ago,424546141649632564,,https://steamdb.info/depot/471711/history/?changeid=M:424546141649632564
9 November 2016 – 23:25:42 UTC,9.4 years ago,860756852849299734,,https://steamdb.info/depot/471711/history/?changeid=M:860756852849299734
8 November 2016 – 22:55:23 UTC,9.4 years ago,3009411680931499705,,https://steamdb.info/depot/471711/history/?changeid=M:3009411680931499705
4 November 2016 – 00:33:47 UTC,9.4 years ago,976486110269581733,,https://steamdb.info/depot/471711/history/?changeid=M:976486110269581733
29 October 2016 – 01:13:10 UTC,9.5 years ago,5383238034238139872,,https://steamdb.info/depot/471711/history/?changeid=M:5383238034238139872
26 October 2016 – 20:30:17 UTC,9.5 years ago,1604792277333790762,,https://steamdb.info/depot/471711/history/?changeid=M:1604792277333790762
18 October 2016 – 01:49:40 UTC,9.5 years ago,5317305413924462757,,https://steamdb.info/depot/471711/history/?changeid=M:5317305413924462757
7 October 2016 – 18:37:37 UTC,9.5 years ago,2501384732285060244,,https://steamdb.info/depot/471711/history/?changeid=M:2501384732285060244
6 October 2016 – 02:05:15 UTC,9.5 years ago,1591673639619502502,,https://steamdb.info/depot/471711/history/?changeid=M:1591673639619502502
28 September 2016 – 23:50:46 UTC,9.6 years ago,4329015347430869236,,https://steamdb.info/depot/471711/history/?changeid=M:4329015347430869236
21 September 2016 – 02:16:53 UTC,9.6 years ago,386252387837028876,,https://steamdb.info/depot/471711/history/?changeid=M:386252387837028876
21 September 2016 – 02:09:09 UTC,9.6 years ago,7007068986923462121,,https://steamdb.info/depot/471711/history/?changeid=M:7007068986923462121
15 September 2016 – 01:23:29 UTC,9.6 years ago,6639491001730954404,,https://steamdb.info/depot/471711/history/?changeid=M:6639491001730954404
8 September 2016 – 01:33:59 UTC,9.6 years ago,394935228226334493,,https://steamdb.info/depot/471711/history/?changeid=M:394935228226334493
31 August 2016 – 03:43:43 UTC,9.7 years ago,3798172550462140867,,https://steamdb.info/depot/471711/history/?changeid=M:3798172550462140867
31 August 2016 – 03:41:47 UTC,9.7 years ago,3233729662911539772,,https://steamdb.info/depot/471711/history/?changeid=M:3233729662911539772
24 August 2016 – 18:52:50 UTC,9.7 years ago,5360232407282512201,,https://steamdb.info/depot/471711/history/?changeid=M:5360232407282512201
17 August 2016 – 18:41:19 UTC,9.7 years ago,7115392148801672603,,https://steamdb.info/depot/471711/history/?changeid=M:7115392148801672603
17 August 2016 – 17:41:56 UTC,9.7 years ago,8414822626868729817,,https://steamdb.info/depot/471711/history/?changeid=M:8414822626868729817
17 August 2016 – 00:40:29 UTC,9.7 years ago,6017726618797772377,,https://steamdb.info/depot/471711/history/?changeid=M:6017726618797772377
11 August 2016 – 03:34:40 UTC,9.7 years ago,20170328095030222,,https://steamdb.info/depot/471711/history/?changeid=M:20170328095030222
11 August 2016 – 02:46:55 UTC,9.7 years ago,5704849664609135853,,https://steamdb.info/depot/471711/history/?changeid=M:5704849664609135853
11 August 2016 – 02:36:31 UTC,9.7 years ago,2459083052223685832,,https://steamdb.info/depot/471711/history/?changeid=M:2459083052223685832
2 August 2016 – 23:06:51 UTC,9.7 years ago,356844315186453937,,https://steamdb.info/depot/471711/history/?changeid=M:356844315186453937
29 July 2016 – 01:16:15 UTC,9.8 years ago,3601417244482181468,,https://steamdb.info/depot/471711/history/?changeid=M:3601417244482181468
27 July 2016 – 02:56:04 UTC,9.8 years ago,797475839536905254,,https://steamdb.info/depot/471711/history/?changeid=M:797475839536905254
22 July 2016 – 00:40:14 UTC,9.8 years ago,2224171743476188630,,https://steamdb.info/depot/471711/history/?changeid=M:2224171743476188630
22 July 2016 – 00:12:22 UTC,9.8 years ago,4041085561776802553,,https://steamdb.info/depot/471711/history/?changeid=M:4041085561776802553
20 July 2016 – 01:48:33 UTC,9.8 years ago,1105116417500379163,,https://steamdb.info/depot/471711/history/?changeid=M:1105116417500379163
20 July 2016 – 01:31:57 UTC,9.8 years ago,3518826461438877478,,https://steamdb.info/depot/471711/history/?changeid=M:3518826461438877478
13 July 2016 – 03:17:11 UTC,9.8 years ago,2793222674831519927,,https://steamdb.info/depot/471711/history/?changeid=M:2793222674831519927
13 July 2016 – 02:44:00 UTC,9.8 years ago,394418314086580303,,https://steamdb.info/depot/471711/history/?changeid=M:394418314086580303
8 July 2016 – 00:46:39 UTC,9.8 years ago,675319925160172554,,https://steamdb.info/depot/471711/history/?changeid=M:675319925160172554
6 July 2016 – 23:10:27 UTC,9.8 years ago,5234716332756009057,,https://steamdb.info/depot/471711/history/?changeid=M:5234716332756009057
30 June 2016 – 22:40:21 UTC,9.8 years ago,5937396277352677720,,https://steamdb.info/depot/471711/history/?changeid=M:5937396277352677720
29 June 2016 – 01:34:28 UTC,9.8 years ago,7926661550074548930,,https://steamdb.info/depot/471711/history/?changeid=M:7926661550074548930
28 June 2016 – 23:56:39 UTC,9.8 years ago,4180590405597713716,,https://steamdb.info/depot/471711/history/?changeid=M:4180590405597713716